{
 "parent": "item/handheld",
 "textures": {
  "layer0": "item/carrot_on_a_stick"
 },

 "overrides": [
  { "predicate": {"custom_model_data": 2762147}, "model": "item/speed_brancelet"},
  { "predicate": {"custom_model_data": 2653345}, "model": "item/health_brancelet"},
  { "predicate": {"custom_model_data": 2841381}, "model": "item/damage_brancelet"},
  { "predicate": {"custom_model_data": 3898856}, "model": "item/mining_brancelet"},
  { "predicate": {"custom_model_data": 9999322}, "model": "item/lucky_brancelet"},
  { "predicate": {"custom_model_data": 2990312}, "model": "item/armor_brancelet"}

 ]

 
}