{
	"credit": "Made with Blockbench",
	"texture_size": [32, 32],
	"textures": {
		"0": "item/lucky_brancelet",
		"particle": "item/lucky_brancelet"
	},
	"elements": [
		{
			"from": [3, 6, 8],
			"to": [13, 7, 9],
			"faces": {
				"north": {"uv": [0, 2, 5, 2.5], "texture": "#0"},
				"east": {"uv": [3, 8.5, 3.5, 9], "texture": "#0"},
				"south": {"uv": [0, 2.5, 5, 3], "texture": "#0"},
				"west": {"uv": [3.5, 8.5, 4, 9], "texture": "#0"},
				"up": {"uv": [5, 3.5, 0, 3], "texture": "#0"},
				"down": {"uv": [5, 3.5, 0, 4], "texture": "#0"}
			}
		},
		{
			"from": [7, 0, 8],
			"to": [9, 1, 9],
			"faces": {
				"north": {"uv": [8, 5.5, 9, 6], "texture": "#0"},
				"east": {"uv": [4, 8.5, 4.5, 9], "texture": "#0"},
				"south": {"uv": [6, 8, 7, 8.5], "texture": "#0"},
				"west": {"uv": [4.5, 8.5, 5, 9], "texture": "#0"},
				"up": {"uv": [8, 8.5, 7, 8], "texture": "#0"},
				"down": {"uv": [9, 7.5, 8, 8], "texture": "#0"}
			}
		},
		{
			"from": [7, 10, 8],
			"to": [9, 11, 9],
			"rotation": {"angle": 0, "axis": "z", "origin": [8, 9.5, 8.5]},
			"faces": {
				"north": {"uv": [8, 8, 9, 8.5], "texture": "#0"},
				"east": {"uv": [5, 8.5, 5.5, 9], "texture": "#0"},
				"south": {"uv": [0, 8.5, 1, 9], "texture": "#0"},
				"west": {"uv": [5.5, 8.5, 6, 9], "texture": "#0"},
				"up": {"uv": [2, 9, 1, 8.5], "texture": "#0"},
				"down": {"uv": [3, 8.5, 2, 9], "texture": "#0"}
			}
		},
		{
			"from": [6, 1, 8],
			"to": [10, 2, 9],
			"faces": {
				"north": {"uv": [7, 6, 9, 6.5], "texture": "#0"},
				"east": {"uv": [6, 8.5, 6.5, 9], "texture": "#0"},
				"south": {"uv": [0, 7.5, 2, 8], "texture": "#0"},
				"west": {"uv": [6.5, 8.5, 7, 9], "texture": "#0"},
				"up": {"uv": [4, 8, 2, 7.5], "texture": "#0"},
				"down": {"uv": [6, 7.5, 4, 8], "texture": "#0"}
			}
		},
		{
			"from": [6, 9, 8],
			"to": [10, 10, 9],
			"rotation": {"angle": 0, "axis": "z", "origin": [8, 9.5, 8.5]},
			"faces": {
				"north": {"uv": [6, 7.5, 8, 8], "texture": "#0"},
				"east": {"uv": [7, 8.5, 7.5, 9], "texture": "#0"},
				"south": {"uv": [0, 8, 2, 8.5], "texture": "#0"},
				"west": {"uv": [7.5, 8.5, 8, 9], "texture": "#0"},
				"up": {"uv": [4, 8.5, 2, 8], "texture": "#0"},
				"down": {"uv": [6, 8, 4, 8.5], "texture": "#0"}
			}
		},
		{
			"from": [5, 2, 8],
			"to": [11, 3, 9],
			"faces": {
				"north": {"uv": [6, 1.5, 9, 2], "texture": "#0"},
				"east": {"uv": [8, 8.5, 8.5, 9], "texture": "#0"},
				"south": {"uv": [4, 6, 7, 6.5], "texture": "#0"},
				"west": {"uv": [8.5, 8.5, 9, 9], "texture": "#0"},
				"up": {"uv": [3, 7, 0, 6.5], "texture": "#0"},
				"down": {"uv": [6, 6.5, 3, 7], "texture": "#0"}
			}
		},
		{
			"from": [5, 8, 8],
			"to": [11, 9, 9],
			"rotation": {"angle": 0, "axis": "z", "origin": [8, 9.5, 8.5]},
			"faces": {
				"north": {"uv": [6, 6.5, 9, 7], "texture": "#0"},
				"east": {"uv": [0, 9, 0.5, 9.5], "texture": "#0"},
				"south": {"uv": [0, 7, 3, 7.5], "texture": "#0"},
				"west": {"uv": [0.5, 9, 1, 9.5], "texture": "#0"},
				"up": {"uv": [6, 7.5, 3, 7], "texture": "#0"},
				"down": {"uv": [9, 7, 6, 7.5], "texture": "#0"}
			}
		},
		{
			"from": [4, 3, 8],
			"to": [12, 4, 9],
			"faces": {
				"north": {"uv": [5, 4.5, 9, 5], "texture": "#0"},
				"east": {"uv": [1, 9, 1.5, 9.5], "texture": "#0"},
				"south": {"uv": [5, 5, 9, 5.5], "texture": "#0"},
				"west": {"uv": [1.5, 9, 2, 9.5], "texture": "#0"},
				"up": {"uv": [4, 6, 0, 5.5], "texture": "#0"},
				"down": {"uv": [8, 5.5, 4, 6], "texture": "#0"}
			}
		},
		{
			"from": [4, 7, 8],
			"to": [12, 8, 9],
			"rotation": {"angle": 0, "axis": "z", "origin": [8, 9.5, 8.5]},
			"faces": {
				"north": {"uv": [0, 6, 4, 6.5], "texture": "#0"},
				"east": {"uv": [9, 1.5, 9.5, 2], "texture": "#0"},
				"south": {"uv": [6, 0, 10, 0.5], "texture": "#0"},
				"west": {"uv": [2, 9, 2.5, 9.5], "texture": "#0"},
				"up": {"uv": [10, 1, 6, 0.5], "texture": "#0"},
				"down": {"uv": [10, 1, 6, 1.5], "texture": "#0"}
			}
		},
		{
			"from": [3, 4, 8],
			"to": [13, 5, 9],
			"faces": {
				"north": {"uv": [0, 4, 5, 4.5], "texture": "#0"},
				"east": {"uv": [2.5, 9, 3, 9.5], "texture": "#0"},
				"south": {"uv": [0, 4.5, 5, 5], "texture": "#0"},
				"west": {"uv": [3, 9, 3.5, 9.5], "texture": "#0"},
				"up": {"uv": [5, 5.5, 0, 5], "texture": "#0"},
				"down": {"uv": [10, 2, 5, 2.5], "texture": "#0"}
			}
		},
		{
			"from": [3, 6, 8],
			"to": [13, 7, 9],
			"rotation": {"angle": 0, "axis": "z", "origin": [8, 9.5, 8.5]},
			"faces": {
				"north": {"uv": [5, 2.5, 10, 3], "texture": "#0"},
				"east": {"uv": [3.5, 9, 4, 9.5], "texture": "#0"},
				"south": {"uv": [5, 3, 10, 3.5], "texture": "#0"},
				"west": {"uv": [4, 9, 4.5, 9.5], "texture": "#0"},
				"up": {"uv": [10, 4, 5, 3.5], "texture": "#0"},
				"down": {"uv": [10, 4, 5, 4.5], "texture": "#0"}
			}
		},
		{
			"from": [2, 5, 8],
			"to": [14, 6, 9],
			"faces": {
				"north": {"uv": [0, 0, 6, 0.5], "texture": "#0"},
				"east": {"uv": [4.5, 9, 5, 9.5], "texture": "#0"},
				"south": {"uv": [0, 0.5, 6, 1], "texture": "#0"},
				"west": {"uv": [9, 4.5, 9.5, 5], "texture": "#0"},
				"up": {"uv": [6, 1.5, 0, 1], "texture": "#0"},
				"down": {"uv": [6, 1.5, 0, 2], "texture": "#0"}
			}
		}
	],
	"display": {
		"thirdperson_righthand": {
			"translation": [0, 3.75, 0]
		},
		"thirdperson_lefthand": {
			"translation": [0, 3.75, 0]
		},
		"firstperson_righthand": {
			"translation": [0, 3.75, 0]
		},
		"firstperson_lefthand": {
			"translation": [0, 3.75, 0]
		},
		"gui": {
			"translation": [0, 2.5, 0]
		},
		"head": {
			"translation": [0, 3.75, 0]
		},
		"fixed": {
			"translation": [0, 3.75, -2]
		}
	},
	"groups": [
		{
			"name": "Brancelet",
			"origin": [0, 0, 0],
			"children": [0, 1, 2, 3, 4, 5, 6, 7, 8, 9, 10, 11]
		}
	]
}